
 ---------------
|GROUPS  |COUNT
 ---------------
|Group#1 | 3
|Group#2 | 2
|Group#3 | 1
|Group#4 | 1
|Group#5 | 2
|Group#6 | 3
|Group#7 | 3
|Group#8 | X
|Group#9 | 1
|Group#10| 1
|Group#11| 1
|Group#12| 1
 -------------
|         18
 -------------


Hello,

I know you guys are very busy at the moment, but I still need those of you who have not yet 

Regards

Groups NOT represented

Group 2 - (Nkosi, Kulani, Henry)
Harrison, Henry    hrrhen002    HRRHEN002@myuct.ac.za
Makhubele, Kulani    mkhkul002    MKHKUL002@myuct.ac.za
Ngcobo, Nkosikhona    ngcnko005    NGCNKO005@myuct.ac.za


Group 8 - (Taariq Mullins, Bilo Lwabona, Henk Van Jaarsveld)

Mullins, Taariq    mlltaa001    MLLTAA001@myuct.ac.za
Lwabona, Bilo    lwbkwe001    LWBKWE001@myuct.ac.za
van Jaarsveld, Henk    vjrhen001    VJRHEN001@myuct.ac.za
Link -> http://goo.gl/dzqJW


Group 10 - (Julian, Tatenda, Simba)
Kanjere, Julian    knjjul001    KNJJUL001@myuct.ac.za
Shumba, Tatenda    shmtat001    SHMTAT001@myuct.ac.za
Nyatsanga, Simbarashe    nytsim003    NYTSIM003@myuct.ac.za
Link -> http://goo.gl/xWhX5


Group 11 - (Donovan Thomson, Sashen Singh, Tsu-Shiuan Lin) *****
Thomson, Donovan    thmdon005    THMDON005@myuct.ac.za
Singh, Sashen    sngsas006    SNGSAS006@myuct.ac.za
Lin, Tsu-Shiuan    lnxtsu003    LNXTSU003@myuct.ac.za
Link -> http://goo.gl/P734a


Group 12 - (Maoyi Molulaqhooa, Macanda Sanele) *****
Maoyi, Molulaqhooa    myxmol001    MYXMOL001@myuct.ac.za
Macanda, Sanele    mcnsan002    MCNSAN002@myuct.ac.za
Link -> http://goo.gl/Ebq32



Group X - 

Link -> http://goo.gl/FZzDE



their email addresses are listed below:
Baird, Michiel    brdmic026    BRDMIC026@myuct.ac.za
Chaka, Reitumetse    chkrei001    jpchaka@gmail.com
Crawford, Kaitlyn    crwkai001    CRWKAI001@myuct.ac.za
Davies, Bryan    dvsbry003    DVSBRY003@myuct.ac.za
Follett-Smith, Dominic    flldom001    dominic.follett@gmail.com
Foster, Donovan    fstdon001    FSTDON001@myuct.ac.za
Harrison, Henry    hrrhen002    HRRHEN002@myuct.ac.za
Kajee, Riyaadh    kjxriy001    KJXRIY001@myuct.ac.za
Kanjere, Julian    knjjul001    KNJJUL001@myuct.ac.za
Lawrence, Marco    lwrmar004    LWRMAR004@myuct.ac.za
Lin, Tsu-Shiuan    lnxtsu003    LNXTSU003@myuct.ac.za
Lwabona, Bilo    lwbkwe001    LWBKWE001@myuct.ac.za
Macanda, Sanele    mcnsan002    MCNSAN002@myuct.ac.za
Makhubele, Kulani    mkhkul002    MKHKUL002@myuct.ac.za
Maliwatu, Richard    mlwric001    MLWRIC001@myuct.ac.za
Maoyi, Molulaqhooa    myxmol001    MYXMOL001@myuct.ac.za
Marston, Joanne    mrsjoa005    MRSJOA005@myuct.ac.za
Martin, Jarred    mrtjar001    MRTJAR001@myuct.ac.za
Mazzolini, Ryan    mzzrya002    MZZRYA002@myuct.ac.za
Mullins, Taariq    mlltaa001    MLLTAA001@myuct.ac.za
Ng'ethe, George    ngtgeo002    NGTGEO002@myuct.ac.za
Ngcobo, Nkosikhona    ngcnko005    NGCNKO005@myuct.ac.za
Ngqakaza, Lutando    ngqlut003    NGQLUT003@myuct.ac.za
Nyatsanga, Simbarashe    nytsim003    NYTSIM003@myuct.ac.za
Pieterse, Richard    ptrric008    PTRRIC008@myuct.ac.za
Ratshidaho, Rotondwa    rtsrot001    RTSROT001@myuct.ac.za
Shumba, Tatenda    shmtat001    SHMTAT001@myuct.ac.za
Singh, Sashen    sngsas006    SNGSAS006@myuct.ac.za
Takpuie, Deon    tkpdeo001    TKPDEO001@myuct.ac.za
Thomson, Donovan    thmdon005    THMDON005@myuct.ac.za
Trewartha, Tim    trwtim001    TRWTIM001@myuct.ac.za
van der Merwe, Justin    vmrjus001    VMRJUS001@myuct.ac.za
van Jaarsveld, Henk    vjrhen001    VJRHEN001@myuct.ac.za
Watermeyer, Sascha    wtrsas001    saschawatermeyer@gmail.com 